{
  "Errors": [],
  "Results": [
      {
        "Code": "A41",
        "Name": "EDWARDS HENFIELD",
        "MatchOn": "Name"
      },
      {
        "Code": "AL2",
        "Name": "ATHENA (COMM) INS",
        "MatchOn": "Name"
      },
      {
        "Code": "AW6",
        "Name": "ARCHENFIELD INS",
        "MatchOn": "Name"
      },
      {
        "Code": "B29",
        "Name": "BERNHARD HENRY",
        "MatchOn": "Name"
      },
      {
        "Code": "B45",
        "Name": "HENDERSON INS",
        "MatchOn": "Name"
      },
      {
        "Code": "BB3",
        "Name": "USE HEN-13",
        "MatchOn": "Name"
      },
      {
        "Code": "EPF",
        "Name": "HENDERSONS INSURANCE",
        "MatchOn": "Name"
      },
      {
        "Code": "EPF",
        "Name": "JOHN HENSHALL LTD",
        "MatchOn": "Name"
      },
      {
        "Code": "EPG",
        "Name": "CASS STEPHENS",
        "MatchOn": "Name"
      },
      {
        "Code": "EPG",
        "Name": "HENLEY RISK MANAGEME",
        "MatchOn": "Name"
      }
  ],
  "PageNumber":1,
  "PageSize": 10,
  "Totoalresults":1,
  "TotalPages":1,
  "Success":true

}