{
  "status": 200,
  "errors": [],
  "results": [
    {
      "id": 1,
      "code": "333",
      "firstName": "Stuart",
      "lastName": "Garner",
      "permissions": ["POP","ABC","XYZ"]
    },{
      "id": 2,
      "code": "754",
      "firstName": "Ata",
      "lastName": "Quereshi",
      "permissions": ["POP"]
    },{
      "id": 3,
      "code": "532",
      "firstName": "Rajani",
      "lastName": "Badri",
      "permissions": ["ABC","XYZ"]
    },{
      "id": 4,
      "code": "839",
      "firstName": "Stephen",
      "lastName": "Wemberg",
      "permissions": ["POP","XYZ"]
    }
  ]
}