{
  "login": "http://pcltpopdwebvt01.tsrv.lan:8001/service/broker/login.json?v=1",
  "logout": "http://pcltpopdwebvt01.tsrv.lan:8001/service/broker/logout.json?v=1",
  "getBrokerConfig": "http://pcltpopdwebvt01.tsrv.lan:8001/service/broker/get-branch-config.json?v=1",
  "getBusinessTypes": "http://pcltpopdwebvt01.tsrv.lan:8001/service/get-business-types.json?v=1",
  "getCompanyTypes": "http://pcltpopdwebvt01.tsrv.lan:8001/service/get-company-types.json?v=1",
  "getInsurerTypes": "http://pcltpopdwebvt01.tsrv.lan:8001/service/get-insurer-types.json?v=1",
  "getOverrideRate": "http://pcltpopdwebvt01.tsrv.lan:8001/service/broker/get-override-rate.json?v=1",
  "getPreviouslyPaidTypes": "http://pcltpopdwebvt01.tsrv.lan:8001/service/get-previously-paid-types.json?v=1",
  "getRiskTypes": "http://pcltpopdwebvt01.tsrv.lan:8001/service/get-risk-types.json?v=1",
  "getTransaction": "http://pcltpopdwebvt01.tsrv.lan:8001/service/broker/get-transaction.json?v=1",
  "getTransactionRates": "http://pcltpopdwebvt01.tsrv.lan:8001/service/broker/get-finance-options.json?v=1",
  "getTransactions": "http://pcltpopdwebvt01.tsrv.lan:8001/service/broker/get-transactions.json?v=1",
  "getTransactionsCount": "http://pcltpopdwebvt01.tsrv.lan:8001/service/broker/get-transactions-count.json?v=1",
  "getCompaniesHouse": "http://pcltpopdwebvt01.tsrv.lan:8001/service/broker/get-company-details.json?v=1",
  "pingServices": "http://pcltpopdwebvt01.tsrv.lan:8001/service/admin/get-ping-services.json?v=1",
  "postcodeAddresses": "http://pcltpopdwebvt01.tsrv.lan:8001/service/postcode-addresses.json?v=1",
  "sendPaymentEmail": "http://pcltpopdwebvt01.tsrv.lan:8001/service/send-payment-request-email.json?v=1",
  "validateBankAccount": "http://pcltpopdwebvt01.tsrv.lan:8001/service/validate-bank-account.json?v=1",
  "broker": {
    "transactionUpdate": "http://pcltpopdwebvt01.tsrv.lan:8001/service/broker/update-transaction.json?v=1&to=${status}",
    "transactionValidate": "http://pcltpopdwebvt01.tsrv.lan:8001/service/broker/validate-transaction.json?v=1&to=2",
    "validateRates": "http://pcltpopdwebvt01.tsrv.lan:8001/service/broker/validate-finance-option.json?v=1&to=2",
    "refund": "http://pcltpopdwebvt01.tsrv.lan:8001/service/service/broker/card-payment-refund.json?v=1"
  },
  "customer": {
    "getDocumentLinks": "http://pcltpopdwebvt01.tsrv.lan:8001/service/customer/document-links.json?v=1&token=${token}",
    "getTransactionDetails": "http://pcltpopdwebvt01.tsrv.lan:8001/service/customer/get-transaction-details.json?v=1&token=${token}",
    "startCardPayment": "http://pcltpopdwebvt01.tsrv.lan:8001/service/customer/start-card-payment.json?v=1&token=${token}",
    "startEsign": "http://pcltpopdwebvt01.tsrv.lan:8001/service/customer/get-esign-details.json?v=1&token=${token}",
    "transactionUpdate": "http://pcltpopdwebvt01.tsrv.lan:8001/service/customer/update-transaction.json?v=1&token=${token}&to=${status}",
    "transactionSave": "http://pcltpopdwebvt01.tsrv.lan:8001/service/customer/update-transaction.json?v=1&token=${token}&to=3",
    "complianceLog": "http://pcltpopdwebvt01.tsrv.lan:8001/service/compliance-log.json?v=1&token=${token}"
  }
}
